{
  "project_info": {
    "project_number": "968031745711",
    "project_id": "recycleview-48190",
    "storage_bucket": "recycleview-48190.appspot.com"
  },
  "client": [
    {
      "client_info": {
        "mobilesdk_app_id": "1:968031745711:android:7c13a1f8ec3e1cb049465a",
        "android_client_info": {
          "package_name": "com.example.recycleview"
        }
      },
      "oauth_client": [
        {
          "client_id": "968031745711-ng616rbc1bo9sequ4rogn6bde6vq710b.apps.googleusercontent.com",
          "client_type": 3
        }
      ],
      "api_key": [
        {
          "current_key": "AIzaSyA-lvy3fgWk4gy5fqDxB6Wi0fyK5YeZ4C4"
        }
      ],
      "services": {
        "appinvite_service": {
          "other_platform_oauth_client": [
            {
              "client_id": "968031745711-ng616rbc1bo9sequ4rogn6bde6vq710b.apps.googleusercontent.com",
              "client_type": 3
            }
          ]
        }
      }
    }
  ],
  "configuration_version": "1"
}